baseName,kind,dataset,metric,n,mean,std,ci95,min,max
q1_astana_itransformer_speed_forecaster,itransformer_forecast,astana,testRmse,3,0.9989329179128011,0.0009358690720856384,0.0010590355509619818,0.9979629516601562,0.9998304843902588
q1_astana_patchtst_density_forecaster,patchtst_forecast,astana,testRmse,3,0.5609088937441508,0.003456030176295338,0.003910866307118703,0.5585399270057678,0.5648745894432068
q1_astana_saits_imputer,saits_imputer,astana,testMaskedMse,3,0.6397271129071284,0.007975843655946089,0.009025516744278695,0.6306840063149644,0.6457588812197446
q1_astana_tranad_anomaly_detector,tranad_anomaly,astana,testRmse,3,0.034451374784111935,0.0033136210372211035,0.003749715195750742,0.0307696741074323,0.0371943861246109
q1_astana_transformer_severity_classifier,transformer_classifier,astana,testMacroF1,3,0.9110233474636846,0.01470149368135003,0.016636306215457364,0.8958818091265917,0.9252412422555764
q1_hf_ett_dlinear_energy_forecaster,dlinear_forecast,hf_ett,testRmse,3,0.15278895199298856,0.009560675475158284,0.010818922776065885,0.1449890732765197,0.1634548306465149
q1_hf_ett_nlinear_energy_forecaster,nlinear_forecast,hf_ett,testRmse,3,0.7243341008822123,0.03439413966195354,0.03892063295305394,0.6969532370567322,0.7629378437995911
q1_hf_traffic_stgcn_forecaster,stgcn_forecast,hf_traffic,testRmse,3,0.47865044077237445,0.0014122955841725975,0.0015981629019668432,0.4776156544685364,0.4802593886852264
q1_hf_weather_timesblock_forecaster,timesblock_forecast,hf_weather,testRmse,3,0.03409902751445767,0.0013459488635097485,0.0015230845197791354,0.0331522636115551,0.0356397926807403
